Forks,Watchers,Contributors,Commits,Branches,Open Issues,Closed Issues,Open PRs,Closed PRs,Size,Language,Has Issues,Has Projects,Has Downloads,Has Wiki,Has Pages,Has Discussions,Stargazers
31973,8444,4708,33024,13,147.0,16673.0,62,32864,397835.0,0,True,False,True,False,True,False,366270
33872,6851,606,3181,39,282.0,799.0,115,2256,1482409.0,0,True,False,True,True,True,False,239448
27194,3852,1266,4527,2,46.0,417.0,147,2813,4948.0,1,True,False,True,False,False,False,239231
39090,6474,118,329,2,181.0,74.0,198,284,11187.0,1,True,True,True,True,False,False,220032
43261,6629,1618,15806,68,986.0,11262.0,290,13259,321007.0,2,True,True,True,True,True,False,207396
33714,5997,358,3547,13,370.0,9596.0,264,2143,31925.0,0,True,True,True,True,False,False,203574
88297,7722,3371,147878,69,1942.0,35261.0,208,22748,937506.0,3,True,True,True,False,False,False,174468
27895,4384,199,1097,1,111.0,208.0,200,471,13236.0,2,True,False,True,False,False,False,169832
78440,6819,1359,22400,77,297.0,21639.0,109,14462,235810.0,2,True,True,True,False,True,True,163542
25253,2667,2182,6895,1,206.0,4244.0,412,6433,11342.0,4,True,True,True,True,False,True,158841
40076,5939,959,2797,6,24.0,1225.0,136,6856,13424.0,1,True,True,True,True,False,True,158582
25329,3555,1197,34822,546,11397.0,70730.0,171,43753,258050.0,5,True,True,True,True,False,False,153314
25672,3231,1837,108758,745,6604.0,149400.0,405,20727,865952.0,0,True,True,True,True,False,False,146159
49095,6178,12,372,7,497.0,102.0,184,135,310266.0,1,True,True,True,True,False,False,135849
25375,3833,491,1949,5,93.0,1155.0,66,1360,3619.0,2,True,False,True,True,True,False,133771
43942,4557,402,4708,2,66.0,816.0,0,1070,161000.0,6,True,True,True,True,False,True,133613
7564,2011,1196,6047,11,54.0,723.0,49,2759,15240.0,7,True,True,True,False,False,False,131408
26499,1441,281,1926,29,514.0,1126.0,285,1341,6873.0,1,True,True,True,True,True,True,130631
8990,2205,790,18716,9,3825.0,22174.0,910,3935,64866.0,1,True,True,True,False,True,False,120284
22308,2359,106,424,2,318.0,442.0,4,431,124343.0,8,True,True,True,True,False,True,116021
11478,2645,307,8931,1,0.0,277.0,0,1487,592945.0,2,True,True,True,True,False,False,111466
16510,3462,1974,56546,56,7977.0,47929.0,346,2626,348930.0,9,True,True,True,True,False,True,111277
23251,3652,2475,27599,95,1699.0,22640.0,293,12358,857875.0,6,True,True,True,True,True,False,109545
14648,2894,1202,27302,215,806.0,17492.0,99,19190,137443.0,3,True,True,True,False,False,False,107398
23870,1379,2636,15812,180,1627.0,14588.0,281,15485,1837143.0,2,True,False,True,False,False,True,106067
23311,3739,123,4355,26,6.0,2134.0,0,1114,42392.0,2,True,False,True,True,False,True,105292
10939,2749,1729,4555,2,2.0,575.0,138,4098,10149.0,9,True,False,True,False,False,True,101418
10309,1197,417,1450,10,386.0,3810.0,52,1311,12315.0,2,True,True,True,False,False,True,100138
26359,1952,897,2800,14,1573.0,6482.0,430,3733,23405.0,2,True,True,True,False,True,True,99763
20437,1008,1816,12855,171,531.0,11062.0,165,11505,142228.0,1,True,True,True,True,False,False,99584
36097,3236,3427,116066,50,1664.0,41379.0,779,73951,1194198.0,9,True,True,True,False,False,False,98291
25872,2893,3230,38922,56,1279.0,14706.0,439,29928,1054650.0,2,True,True,True,False,False,True,95352
34644,2557,1755,41580,12,368.0,11340.0,132,14032,1277988.0,2,True,False,False,True,True,False,91696
11748,2152,718,34789,266,6006.0,31101.0,277,15896,2107281.0,0,True,True,True,True,False,False,91183
11825,1904,140,1252,3,16.0,56.0,1,505,32034.0,0,True,False,True,True,False,True,90569
5260,1106,366,6590,59,4832.0,16685.0,26,4385,323938.0,10,True,True,True,True,False,False,90536
4855,1466,816,9300,66,1259.0,6574.0,95,10275,108271.0,11,True,False,True,True,False,True,89367
9224,1851,225,3810,96,26.0,279.0,19,899,70080.0,12,True,True,True,False,False,False,89160
7770,1309,364,3608,445,1430.0,9830.0,44,3575,132412.0,3,True,True,True,True,False,True,88733
23573,3037,1720,27044,112,1239.0,23975.0,197,23792,459824.0,0,True,True,True,False,False,True,88125
29787,1359,2752,21851,46,1276.0,16089.0,198,18812,380200.0,0,True,True,True,False,False,True,86669
39525,206,1897,25158,18,908.0,25648.0,87,13964,157732.0,0,True,True,True,True,True,True,85847
8583,1135,111,2106,361,1328.0,2260.0,40,327,5456.0,13,True,True,True,True,False,False,83511
8927,1196,460,3504,24,271.0,5720.0,11,4045,472694.0,0,True,False,True,False,True,False,83180
29698,2211,123,1019,16,1187.0,2337.0,103,472,15436.0,14,True,True,True,True,True,True,82280
11128,1848,112,546,1,57.0,81.0,27,246,520.0,2,True,True,True,True,False,False,82081
25064,3823,347,3454,6,183.0,663.0,16,1632,30752.0,6,True,False,True,True,False,False,81833
10776,1485,4361,224208,6,8911.0,39489.0,694,62202,921681.0,11,True,True,True,False,False,False,81449
8448,955,1699,50378,365,2038.0,8697.0,100,10312,671173.0,0,True,True,True,False,False,True,78541
16436,2270,123,662,13,27.0,821.0,26,768,1778.0,15,True,True,True,False,True,True,77784
3355,835,183,1636,2,213.0,456.0,74,593,4031.0,1,True,True,True,True,False,False,77382
46251,2780,805,9016,64,1029.0,6080.0,169,3566,612965.0,16,True,True,True,True,False,False,75776
14295,677,406,4382,18,1875.0,3156.0,53,1755,30110.0,1,True,True,True,True,False,True,74820
6902,1554,76,881,17,52.0,460.0,15,588,36176.0,0,True,True,True,False,False,True,74336
13919,2590,15,246,1,17.0,42.0,1,74,509807.0,6,True,True,True,True,False,False,73103
5162,3054,246,862,1,4.0,204.0,0,501,230560.0,4,True,False,True,False,False,False,72092
12422,1382,3,13,6,5339.0,13531.0,31,634,110561.0,2,True,True,True,True,False,True,71422
2985,704,116,580,2,360.0,910.0,4,176,88596.0,17,True,True,True,True,False,True,70051
18289,2614,37,731,1,2.0,137.0,0,114,33645.0,6,True,False,True,False,True,True,69964
10899,2576,205,1608,5,12.0,222.0,62,704,87472.0,2,True,False,True,True,True,True,69619
34222,3933,910,37480,5,346.0,7085.0,288,18778,232989.0,3,True,True,False,False,False,False,69517
55298,2643,1476,32896,6,2367.0,7317.0,108,13708,516913.0,3,True,False,True,True,False,False,68780
8978,2767,11,156,1,103.0,2359.0,0,31,4451.0,1,True,True,True,False,False,True,68769
7434,1367,393,1683,13,511.0,1514.0,178,1380,3222.0,9,True,False,True,False,False,False,68651
3516,595,268,5158,62,8.0,2835.0,7,2201,95651.0,18,True,False,True,False,False,True,68293
3310,873,590,7099,26,758.0,4238.0,53,3346,90560.0,0,True,True,True,True,False,False,67699
11459,1568,91,1069,4,112.0,2648.0,2,656,27830.0,9,True,True,True,False,False,False,67409
38602,3381,988,42704,16,605.0,28776.0,37,5648,166957.0,6,True,True,True,True,False,False,67216
7176,1071,762,7506,33,612.0,5849.0,70,4270,114520.0,9,True,True,True,False,False,False,67047
7203,964,337,2131,31,315.0,1646.0,58,962,3307.0,4,True,False,True,False,False,False,67001
6582,1013,76,872,9,571.0,474.0,86,271,3761.0,2,True,True,True,False,False,False,66833
18309,1648,2736,60143,21517,11026.0,22520.0,906,66705,1293337.0,1,True,True,True,True,False,False,66753
26789,2224,1,954,2,28.0,431.0,7,99,57964.0,6,True,True,True,True,False,False,66069
18670,2957,2211,46097,12,3899.0,18016.0,322,22981,197151.0,9,True,True,True,True,False,True,65905
4639,981,988,25993,8,1395.0,8328.0,303,13520,246384.0,19,True,True,True,True,False,False,65834
360,1738,228,26012,7,520.0,5602.0,6,5959,109855.0,2,True,False,True,False,True,True,64655
23082,2692,1812,68724,222,3629.0,28488.0,473,63230,1077052.0,6,True,True,True,False,False,False,63750
16517,1694,307,2964,4,650.0,1586.0,88,923,21151.0,2,True,True,True,True,True,True,63743
1710,471,252,3355,63,438.0,2149.0,76,3345,75116.0,11,True,True,True,False,False,True,63431
8737,1499,771,15883,86,190.0,9305.0,105,6094,59024.0,2,True,True,True,False,False,True,63050
5520,1377,536,15448,27,245.0,7079.0,73,7386,134057.0,13,True,True,True,False,False,True,63029
15642,2135,700,5066,8,0.0,2499.0,0,2399,10207.0,1,True,False,True,False,False,True,62931
10073,2516,999,150791,408,5795.0,7844.0,697,47914,987529.0,3,True,False,True,False,False,False,62689
8925,2218,1,558,1,114.0,150.0,7,10,46857.0,6,True,True,True,True,False,False,61730
11311,1475,2053,54078,11,7862.0,34011.0,1693,32502,1278472.0,3,True,True,True,False,False,False,61279
10461,1721,299,5771,8,113.0,3621.0,55,1099,9138.0,2,True,False,True,True,False,True,60847
11848,1374,464,4437,7,243.0,6573.0,13,3677,42299.0,2,True,True,True,False,False,True,60577
5834,1421,483,1892,6,98.0,262.0,40,820,10595.0,2,True,True,True,True,True,False,60526
23142,1362,3209,62127,111,2228.0,36259.0,555,53460,449723.0,1,True,True,True,False,False,False,60436
5040,709,197,3557,20,274.0,2943.0,4,1632,52241.0,0,True,True,True,False,False,True,60333
1406,346,52,263,6,51.0,59.0,12,171,411.0,2,True,True,True,True,True,False,59926
22532,2573,664,11711,80,1873.0,4130.0,511,5423,131655.0,13,True,True,True,False,False,True,59852
12562,2614,30,445,6,31.0,21.0,79,84,24091.0,6,True,True,True,True,False,False,59774
15403,1299,952,3768,9,36.0,1961.0,12,2424,28256.0,0,True,False,True,False,True,True,59564
18347,2633,495,38533,140,968.0,16155.0,32,5249,330585.0,2,True,False,True,False,False,True,59386
14999,2071,935,11739,253,682.0,4864.0,214,6870,124892.0,3,True,True,True,True,True,False,59334
28121,3823,1703,9073,22,391.0,8648.0,76,7923,101744.0,2,True,True,True,True,False,False,59174
14026,3337,581,1863,2,0.0,82.0,2,843,2535.0,1,True,False,True,False,True,False,58837
11416,1053,12,807,12,296.0,308.0,26,56,16027.0,2,True,True,True,True,True,False,58796
19336,1918,1126,8165,159,290.0,11424.0,99,6269,35768.0,1,True,True,True,True,False,False,58337
10185,1545,212,1974,22,109.0,3222.0,9,827,17183.0,0,True,True,True,False,True,True,58221
4836,629,467,2829,13,17.0,3307.0,491,1783,17105.0,1,True,True,True,True,False,True,57835
4589,606,443,7460,138,823.0,1532.0,26,1872,221479.0,2,True,True,True,True,True,True,57504
20775,3222,282,6612,5,68.0,2177.0,15,2828,32351.0,2,True,False,False,True,False,True,57459
23341,1952,5477,53694,50,668.0,30741.0,323,48802,242764.0,1,True,True,True,False,False,False,57339
10880,2276,222,951,5,4.0,126.0,3,641,5056.0,20,True,False,True,False,True,True,57081
11731,342,3,26,1,137.0,647.0,193,304,6489.0,21,True,True,True,False,False,False,56871
4671,377,1,4,1,3875.0,619.0,461,138,5.0,12,True,True,True,True,False,False,56773
6881,718,384,13323,152,50.0,4705.0,45,6514,287659.0,0,True,True,True,True,False,False,56551
16461,2475,75,1718,5,131.0,2722.0,10,474,13485.0,10,True,True,True,True,False,True,56500
6916,854,310,8005,8,336.0,3787.0,164,1162,47581.0,2,True,True,True,True,False,False,56318
4986,405,777,5653,42,394.0,5329.0,139,4330,33963.0,0,True,True,True,False,False,True,56173
7849,1264,122,611,2,16.0,36.0,53,220,858.0,2,True,True,True,True,False,False,56069
10817,1270,1990,42790,2911,3183.0,26654.0,381,35738,778132.0,0,True,True,True,False,False,True,55325
19468,2004,201,9069,27,2178.0,14721.0,117,1529,227281.0,0,True,True,True,True,False,False,55157
16512,246,259,751,37,88.0,898.0,181,1285,2063.0,2,True,True,True,False,False,True,55123
6835,1333,183,537,2,61.0,316.0,75,422,2964.0,22,True,True,True,True,False,False,54786
12211,2559,249,2459,5,3.0,1299.0,4,1578,22577.0,2,True,False,True,True,False,True,54473
10532,771,3968,21395,258,71.0,13803.0,57,21509,1114023.0,2,True,True,True,False,False,True,54438
24269,2155,2658,29957,32,1573.0,8547.0,611,14843,153050.0,1,True,True,True,True,False,True,54222
8416,483,8,33,1,425.0,166.0,62,64,43676.0,16,True,True,True,True,False,False,53911
6527,660,881,30074,78,286.0,7482.0,89,7821,423062.0,2,True,True,True,False,True,False,53694
7698,367,314,2106,3,342.0,257.0,20,613,402206.0,18,True,False,True,False,True,True,53436
14550,1341,603,4599,7,2263.0,15192.0,259,4770,91788.0,14,True,True,True,True,True,True,53350
26791,1489,2280,116965,6,6695.0,56520.0,1501,39179,567226.0,1,True,True,True,False,False,False,52811
21112,2380,4756,87594,77,383.0,15930.0,460,31177,260045.0,23,True,True,True,False,False,False,52810
2184,381,229,2356,6,265.0,2117.0,59,670,4920.0,9,True,False,True,True,False,True,52178
10589,1468,928,13392,636,1164.0,7957.0,232,13069,449897.0,0,True,True,True,True,True,True,51937
3762,991,291,7086,33,307.0,4807.0,16,3726,125294.0,9,True,True,True,True,False,False,51852
17247,2240,478,1857,1,0.0,815.0,4,3090,3530.0,6,True,False,True,False,False,False,51846
36133,3377,727,26642,18,1246.0,22186.0,186,4064,191761.0,6,True,True,True,True,True,False,51787
3520,468,203,4794,25,111.0,885.0,14,1837,67575.0,0,True,True,True,True,False,True,51389
5303,857,146,5774,14,360.0,704.0,9,772,75750.0,1,True,True,True,True,True,True,51236
9304,1341,79,1746,5,5.0,241.0,1,303,145862.0,2,True,True,True,True,False,True,51167
8541,1671,164,6226,10,377.0,2128.0,19,1513,52740.0,3,True,True,True,True,False,False,50943
5102,1320,208,6747,33,957.0,5251.0,112,766,113055.0,2,True,True,True,True,False,True,50566
15549,2312,107,1275,1,102.0,80.0,5,334,207074.0,2,True,True,True,True,True,False,50527
2533,396,405,10546,21,772.0,9032.0,12,11692,150505.0,0,True,False,True,False,False,True,50498
10993,1511,45,360,3,43.0,456.0,32,356,379.0,15,True,False,True,False,True,False,50321
10020,821,880,6072,23,40.0,6966.0,18,2864,21701.0,0,True,False,True,False,False,True,50298
12617,1482,10,147,1,11.0,47.0,4,19,137830.0,1,True,True,True,True,False,False,50197
3726,445,733,19441,360,217.0,1957.0,57,5630,1130693.0,0,True,True,True,False,False,True,50074
9085,1353,623,6152,6,210.0,3561.0,75,2320,12841.0,1,True,False,True,True,False,False,49524
13641,1630,452,12847,106,467.0,20376.0,22,6349,1058081.0,0,True,False,True,True,False,True,49003
3408,604,96,1006,1,418.0,1386.0,39,365,211841.0,13,True,True,True,True,False,True,48731
12923,1576,52,238,8,695.0,577.0,27,188,103959.0,1,True,True,True,True,False,False,48231
8142,1137,787,11171,144,615.0,4445.0,288,6665,164192.0,9,True,True,True,True,False,True,48147
4080,284,240,3076,102,877.0,1631.0,157,3698,42585.0,0,True,True,True,False,False,True,48075
6862,1434,554,12782,10,365.0,2701.0,234,5274,68673.0,13,True,True,True,True,True,True,47591
8448,1029,332,7341,13,719.0,4076.0,136,967,98305.0,3,True,False,True,True,False,True,47491
10537,2430,286,6053,24,633.0,2810.0,107,1571,419774.0,6,True,True,True,True,True,False,47452
7139,869,593,3980,37,210.0,3836.0,61,1972,20992.0,2,True,True,True,False,False,False,47367
3884,353,1119,21671,3,992.0,3936.0,188,1765,44224.0,1,True,True,True,True,True,True,47247
3627,814,204,1660,27,71.0,3331.0,18,1947,16985.0,9,True,False,True,False,False,False,47211
9985,1782,518,9783,41,481.0,2321.0,253,2813,24601.0,1,True,True,False,True,False,False,47176
3946,604,385,1729,19,190.0,2273.0,168,954,102227.0,15,True,True,True,True,True,False,47143
3575,522,468,4407,70,321.0,4136.0,50,3747,26647.0,1,True,True,True,True,True,False,47107
2825,419,108,5661,70,1379.0,2809.0,52,3538,90674.0,0,True,True,True,True,True,True,47042
7684,2250,291,6028,8,16.0,3110.0,5,3770,139728.0,6,True,True,True,True,True,False,47005
10082,1420,1008,11639,56,92.0,4594.0,112,4257,55898.0,23,True,True,True,True,True,True,46640
2774,463,384,2105,55,327.0,4538.0,15,1990,12513.0,11,True,False,True,True,False,False,46630
22977,1852,236,1595,1,25.0,190.0,12,611,908394.0,24,True,True,True,True,False,False,46542
6729,2136,51,150,1,37.0,39.0,32,111,105.0,2,True,False,True,False,False,False,46506
3875,424,628,8430,14,938.0,5066.0,233,8372,107531.0,2,True,True,True,True,False,True,45568
3911,784,453,4140,40,817.0,11007.0,53,3734,103387.0,0,True,True,True,False,False,True,45276
3653,740,51,736,5,183.0,495.0,18,136,49045.0,2,True,True,True,True,True,False,45140
12299,1514,87,1723,6,19.0,786.0,4,499,201849.0,1,True,True,True,False,True,False,44872
2138,856,72,273,1,61.0,30.0,36,123,330.0,1,True,True,True,True,False,False,44828
5584,959,1027,15662,14,973.0,4972.0,65,5217,96898.0,2,True,False,True,False,False,True,44723
6936,373,1039,5577,30,232.0,2391.0,61,5360,245042.0,0,True,True,True,False,True,True,44596
3629,364,2088,11834,54,155.0,926.0,70,8985,20099.0,8,True,True,True,True,False,True,44184
29070,663,16222,83928,10,681.0,7199.0,203,55316,963661.0,0,True,True,True,False,False,True,43981
9099,1638,267,5373,30,161.0,3653.0,7,3850,48637.0,25,True,False,True,False,True,False,43969
3321,385,163,2045,39,12.0,747.0,4,371,20994814.0,15,True,True,True,True,True,True,43820
5240,1575,695,33783,1564,186.0,8683.0,51,3485,120145.0,2,True,True,True,True,False,True,43467
9237,1339,767,19712,15,161.0,6029.0,64,9461,75159.0,9,True,True,True,False,False,True,43397
2830,621,438,19626,2034,2645.0,10120.0,38,6523,756781.0,2,True,False,True,False,True,True,43347
1558,542,217,3760,23,98.0,982.0,38,923,49971.0,1,True,True,True,True,False,True,43260
9589,973,147,711,1,11.0,52.0,7,280,4658.0,1,True,True,True,True,True,True,43201
9377,1050,479,34036,82,34.0,6530.0,81,10050,234466.0,2,True,False,True,False,False,False,43140
2169,281,304,1454,7,590.0,761.0,137,808,5900.0,2,True,True,True,True,True,False,43062
4605,675,739,4717,22,598.0,4793.0,18,4434,119869.0,9,True,True,True,True,True,False,43027
6771,1837,872,6330,14,0.0,462.0,4,2648,13400.0,26,True,False,True,False,False,False,42815
6863,1244,24,667,26,31.0,74.0,27,223,21541.0,2,True,True,True,True,False,False,42805
8033,627,41,995,1,18.0,3286.0,0,203,30454.0,10,True,False,True,True,False,True,42766
15140,2067,66,250,6,162.0,69.0,56,112,10242.0,16,True,True,True,True,False,False,42746
11493,2419,57,807,23,123.0,331.0,65,393,13309.0,25,True,True,True,True,False,False,42650
18081,2010,186,2626,14,64.0,2696.0,20,2127,131598.0,2,True,True,True,False,False,True,42488
9371,1105,362,17239,1,328.0,8627.0,14,7393,134429.0,2,True,True,True,True,True,False,42459
8688,1380,89,5389,14,21.0,2497.0,13,530,55238.0,9,True,False,True,False,False,False,42413
935,226,13,36,2,1.0,13.0,2,34,2579.0,4,True,True,True,True,False,False,42355
2260,457,379,2928,170,668.0,4381.0,92,2718,40238.0,2,True,True,True,False,False,True,42350
2501,701,218,5683,20,29.0,2661.0,15,2246,7580.0,4,True,True,True,False,False,True,42340
5194,940,1393,54427,790,3624.0,19399.0,919,25524,266457.0,27,True,False,True,False,False,True,42339
16561,2203,902,14185,33,239.0,7001.0,60,8611,203925.0,9,True,False,True,True,True,False,42228
5623,811,1053,15763,17,644.0,7859.0,176,6270,97548.0,0,True,True,True,False,False,True,42225
4719,1036,490,5896,5,819.0,4170.0,26,2119,205591.0,9,True,False,True,False,False,True,42190
6355,557,1466,6809,14,438.0,6907.0,97,6599,291529.0,0,True,True,True,True,True,False,41967
10750,2411,383,5178,1,115.0,181.0,11,880,38293.0,9,True,True,True,True,False,False,41965
5457,557,99,859,4,46.0,1894.0,5,454,1847.0,9,True,True,True,True,False,False,41961
4126,364,190,5964,2,70.0,1741.0,1,1548,27988.0,11,True,True,True,True,False,True,41836
7590,878,17,296,1,131.0,881.0,4,113,369676.0,1,True,False,True,True,False,False,41714
6186,688,833,13493,68,3665.0,5708.0,279,13763,206815.0,23,True,True,True,False,False,True,41572
7262,1588,169,2054,17,147.0,2485.0,37,1147,5897.0,6,True,False,True,True,True,True,41530
1075,204,301,2628,7,194.0,1019.0,11,1289,30367.0,11,True,False,True,False,False,True,41189
2886,571,520,2353,78,1816.0,4652.0,144,2135,119363.0,2,True,True,True,False,False,False,41169
4903,1004,197,2097,7,40.0,728.0,85,793,16778.0,1,True,True,True,True,False,True,41127
1081,598,225,6252,104,667.0,968.0,70,1018,51479.0,28,True,False,True,False,False,True,41094
3431,492,275,3522,18,866.0,2800.0,30,3369,23068.0,0,True,False,True,False,False,True,40874
2108,456,39,164,1,89.0,226.0,27,104,1844.0,9,True,False,True,False,False,True,40870
3714,394,169,1006,1,1.0,186.0,1,392,2985.0,2,True,False,True,False,False,True,40851
2149,2770,107,5068,45,534.0,1742.0,0,751,58524.0,3,True,True,True,True,False,True,40676
4256,521,33,710,31,318.0,160.0,4,89,9358.0,3,True,True,True,True,False,False,40455
4276,498,12,611,8,145.0,969.0,0,28,2272.0,4,True,True,True,True,False,True,40291
12497,1504,13,509,1,110.0,507.0,1,48,34426.0,14,True,True,True,True,False,False,40028
4747,1014,437,6476,57,130.0,5036.0,17,3548,91423.0,0,True,True,True,True,False,True,39919
3038,396,140,1599,7,988.0,1564.0,52,1007,72432.0,2,True,True,True,True,False,False,39758
3952,1595,108,4967,93,860.0,6334.0,10,816,129258.0,2,True,True,True,True,False,False,39587
4405,575,49,210,1,72.0,28.0,37,78,339.0,7,True,True,True,True,False,False,39551
8157,1110,55,598,1,90.0,81.0,2,145,202492.0,2,True,False,True,True,True,True,39501
4868,962,233,9495,3,1178.0,2637.0,171,873,304880.0,6,True,True,True,True,False,True,39474
7281,1255,451,9282,167,224.0,1851.0,156,8901,2338444.0,1,True,True,True,True,False,True,39333
7463,1081,249,1589,18,37.0,2649.0,2,1023,31860.0,26,True,True,True,False,True,True,39329
8781,1070,19,1313,3,526.0,755.0,3,120,848593.0,1,True,True,True,True,True,False,39270
2537,661,273,4998,11,738.0,3998.0,33,823,13025.0,2,True,False,True,False,False,False,39053
4675,613,416,10647,6,28.0,6510.0,20,9166,114169.0,9,True,False,True,False,True,True,38941
25899,3078,498,6716,22,768.0,5389.0,60,5969,47932.0,6,True,True,True,True,False,False,38876
2444,366,311,3473,18,155.0,2536.0,9,1222,34784.0,0,True,False,True,False,False,True,38849
4841,996,260,3878,24,622.0,4595.0,177,1264,164290.0,2,True,True,True,True,True,False,38830
9473,357,445,6443,1,114.0,54.0,50,1866,94871.0,4,True,True,True,True,False,False,38656
4269,426,699,1930,156,1116.0,471.0,261,2630,31178.0,1,True,True,True,True,False,True,38639
6570,1420,431,10075,4,3342.0,7791.0,86,7591,91884.0,10,True,True,True,False,False,True,38531
3476,572,593,7044,134,789.0,4061.0,83,2005,183664.0,9,True,True,True,True,False,False,38446
13801,347,313,2651,17,247.0,7712.0,68,2383,14876.0,1,True,True,True,True,False,True,38443
6653,311,322,1782,164,98.0,391.0,18,1007,2259.0,11,True,False,True,False,False,False,38407
16883,1770,16,235,7,102.0,75.0,90,91,45158.0,16,True,True,True,True,True,False,38368
16267,1116,2925,32380,16,3368.0,21160.0,148,28518,325933.0,1,True,True,True,False,False,False,38337
3439,735,222,3605,20,595.0,1443.0,83,1130,8608.0,23,True,True,True,True,False,False,38328
969,150,159,910,9,111.0,769.0,10,810,6508.0,9,True,True,True,True,False,True,38259
3458,506,200,10184,12,1041.0,2860.0,17,313,1287544.0,2,True,True,True,True,False,False,38092
9995,1373,812,53025,96,593.0,10160.0,222,21855,480451.0,3,True,True,False,True,True,False,37903
1701,289,320,1730,14,145.0,1313.0,70,651,4427.0,11,True,False,True,False,False,True,37837
4174,478,68,1155,5,609.0,542.0,2,253,69453.0,2,True,True,True,True,False,True,37833
5093,1969,321,2100,13,209.0,872.0,6,974,26036.0,1,True,True,True,True,True,False,37799
2277,1473,60,1428,1,6.0,553.0,0,475,31579.0,2,True,False,True,True,False,True,37623
5622,901,787,7648,26,363.0,4660.0,123,3693,57158.0,2,True,True,False,False,True,True,37517
6863,757,384,4932,32,612.0,3403.0,370,3159,22803.0,0,True,True,True,False,False,True,37511
5384,774,152,628,1,15.0,75.0,5,256,5327.0,2,True,True,True,True,False,True,37328
903,151,42,480,4,34.0,293.0,7,202,754.0,2,True,False,True,False,True,True,37320
6784,1670,110,830,1,9.0,73.0,0,320,3777.0,1,True,True,True,True,False,False,37321
8624,1192,1733,31112,510,1651.0,18113.0,166,12937,299851.0,9,True,False,True,False,False,False,37220
6819,1238,83,413,9,57.0,415.0,17,357,4678.0,2,True,True,True,True,True,False,37201
6780,601,817,14140,106,993.0,11142.0,128,4407,83396.0,0,True,False,True,False,False,True,37126
2719,566,55,616,1,1.0,998.0,1,193,1321.0,2,True,True,True,True,False,False,37038
5516,755,1249,16413,166,283.0,12261.0,150,7013,81433.0,23,True,True,True,False,False,True,37019
1484,344,38,412,10,130.0,151.0,30,136,4503.0,9,True,True,True,False,False,False,36758
4474,824,170,3589,5,72.0,3767.0,10,1137,7569.0,2,True,False,True,True,False,True,36736
2921,258,173,2947,35,314.0,226.0,246,1706,84055.0,0,True,True,True,True,True,False,36734
4617,493,1207,15417,13,1954.0,8901.0,161,13513,280370.0,9,True,False,True,True,False,False,36566
1369,788,313,8845,8,140.0,445.0,12,60,30959.0,15,True,True,True,True,False,False,36461
8932,1125,69,2070,6,1998.0,2873.0,123,370,21720.0,6,True,True,True,True,False,False,36445
1319,263,142,7975,94,122.0,1360.0,18,1526,54003.0,11,True,True,True,False,False,True,36432
1914,163,245,4143,5,28.0,2074.0,4,195,71951.0,4,True,False,True,False,False,False,36177
8812,694,891,35911,1,37.0,3981.0,17,10607,72228.0,23,True,False,True,False,True,False,35980
2277,333,144,14310,123,407.0,1752.0,36,2108,920929.0,0,True,True,True,True,False,True,35920
3975,455,535,9218,221,309.0,4973.0,29,2826,370883.0,0,True,True,True,False,False,False,35857
2693,863,104,10880,4,13.0,3437.0,1,365,138265.0,2,True,True,True,True,True,False,35756
8501,808,40,563,1,58.0,48.0,187,337,124951.0,2,True,True,True,True,False,True,35710
3025,471,134,5368,17,1259.0,1925.0,78,498,14999.0,2,True,False,True,False,True,False,35608
7363,1283,438,3943,15,405.0,4619.0,29,2976,126608.0,2,True,True,False,True,True,True,35547
9067,364,66,470,4,79.0,278.0,10,141,158820.0,1,True,True,True,True,False,True,35551
8537,890,820,23526,586,2498.0,12505.0,581,13008,741493.0,0,True,True,True,True,True,False,35517
7542,1421,905,132141,441,332.0,1138.0,308,9340,511357.0,13,True,False,True,False,False,False,35448
11119,1684,42,233,1,3.0,104.0,0,528,171448.0,1,True,True,True,False,True,True,35432
3826,307,25,566,4,367.0,278.0,10,125,31230.0,11,True,False,True,False,True,True,35327
1697,588,50,901,9,104.0,123.0,13,140,4558.0,1,True,True,True,True,False,False,35294
1005,293,98,3616,3,295.0,2439.0,24,325,17533.0,9,True,False,True,False,False,False,35276
7218,2126,27,114,1,49.0,4.0,42,50,3638.0,1,True,True,True,True,False,False,35217
22016,511,132,702,6,48.0,553.0,5,931,2410.0,29,True,False,True,True,True,True,35166
9718,698,267,3391,8,186.0,4734.0,8,773,79267.0,2,True,True,True,False,False,True,35128
5191,599,73,398,45,74.0,112.0,29,186,84122.0,16,True,True,True,False,False,True,34960
1406,256,193,4151,9,438.0,893.0,34,1097,37596.0,9,True,True,True,True,False,True,34955
9281,1415,266,6272,2,11.0,4862.0,16,1913,57279.0,3,True,False,True,False,True,False,34948
6014,755,249,4533,11,56.0,2068.0,35,897,180610.0,3,True,True,True,False,True,True,34858
9285,1515,28,375,1,27.0,18.0,3,41,1283.0,1,True,True,True,True,False,False,34822
4458,1015,330,9339,94,180.0,3918.0,60,5840,28568.0,30,True,False,True,False,False,True,34822
1743,170,261,3454,14,5.0,3786.0,9,2160,27802.0,0,True,True,True,False,False,True,34806
13297,1312,80,499,10,195.0,117.0,121,290,2674.0,18,True,False,False,False,True,False,34617
2105,298,166,4030,39,520.0,578.0,20,1326,46336.0,11,True,True,True,False,False,True,34619
13507,839,13,909,2,22.0,4144.0,16,170,52023.0,6,True,True,True,True,True,False,34597
7441,851,141,2146,8,158.0,3843.0,21,487,16442.0,2,True,True,True,True,False,False,34551
2318,259,310,2569,28,305.0,2133.0,1,1171,34409.0,0,True,False,True,False,False,True,34548
2197,782,748,3968,5,10.0,112.0,0,1354,6709.0,11,True,False,True,False,False,False,34547
2241,196,603,2025,13,29.0,1258.0,15,1632,34800.0,0,True,True,True,False,False,True,34507
4283,797,94,1981,1,310.0,1102.0,1,442,19357.0,6,True,False,True,True,False,False,34505
2810,751,1,80,2,127.0,257.0,55,71,38743.0,13,True,True,True,False,False,False,34469
1890,406,304,5313,217,152.0,1502.0,98,2021,15304.0,2,True,True,True,True,True,True,34396
6973,1243,545,18802,7,86.0,4035.0,13,2238,371532.0,2,True,False,True,False,False,True,34371
6735,587,31,1864,5,330.0,2662.0,4,153,1302975.0,2,True,True,True,True,True,True,34323
9226,993,28,111,2,773.0,349.0,95,104,317.0,1,True,True,True,True,False,False,34225
7906,762,311,2471,17,265.0,8856.0,5,1399,7457.0,0,True,True,True,True,True,True,34197
1463,174,478,2744,7,425.0,1413.0,117,2719,32180.0,11,True,False,True,False,False,True,34182
3792,682,630,53736,1302,952.0,6378.0,179,40931,394763.0,1,True,False,True,False,False,True,34163
53547,1524,943,27210,1,23.0,647.0,50,13291,375418.0,6,True,True,True,True,False,False,34133
8106,796,191,2566,1,8.0,607.0,8,579,13555.0,2,True,False,True,False,False,False,34107
3275,515,233,3197,6,309.0,2891.0,10,435,121326.0,2,True,False,True,True,True,True,34062
5472,1291,817,20545,174,3146.0,11745.0,827,28004,457803.0,9,True,True,True,True,False,False,34037
3591,632,94,2346,8,62.0,680.0,11,668,136877.0,18,True,True,True,False,True,True,34017
3295,836,230,1183,11,38.0,849.0,24,789,3285.0,2,True,False,True,True,False,True,33993
3681,1219,217,1042,5,138.0,86.0,12,571,7680.0,4,True,True,True,False,False,False,33920
5355,848,130,1509,43,22.0,1545.0,0,690,136347.0,6,True,False,True,False,False,False,33891
9084,2215,16,730,3,61.0,137.0,3,31,8908.0,31,True,True,True,True,True,False,33740
3534,134,214,837,42,24218.0,2521.0,25,568,2415.0,0,True,True,True,False,False,True,33684
11633,1584,43,3682,5,31.0,2428.0,2,373,53584.0,25,True,True,True,True,False,True,33679
2044,490,626,15308,8,872.0,6407.0,37,9706,68749.0,32,True,True,True,True,False,True,33678
6059,1056,139,2858,69,409.0,3846.0,27,806,95399.0,6,True,True,True,True,True,False,33593
2104,442,136,1278,1,233.0,970.0,1,321,6296.0,0,True,False,True,False,False,False,33568
3063,742,21,263,1,41.0,33.0,18,41,232.0,4,True,False,True,False,False,False,33531
5532,682,126,733,3,24.0,42.0,59,204,8883.0,2,True,True,True,True,True,False,33472
7963,1590,371,17847,178,2619.0,7067.0,168,5438,92974.0,2,True,True,True,True,False,False,33448
18993,2106,269,4156,7,894.0,3893.0,286,1955,76170.0,3,True,True,True,True,True,False,33347
2858,214,322,4214,56,846.0,1323.0,87,873,17475.0,2,True,True,True,True,True,False,33292
2406,530,113,3254,26,1501.0,1921.0,59,834,266412.0,26,True,False,True,True,False,True,33223
4048,155,38,906,16,204.0,430.0,4,74,24951.0,1,True,True,True,True,False,False,33222
5442,1215,1,45,1,2.0,46.0,10,168,29435.0,16,True,True,True,True,False,False,33194
3655,549,2,80,1,2.0,150.0,0,11,7069.0,33,True,True,True,True,False,True,33178
4099,424,61,396,10,7.0,604.0,4,222,3036.0,2,True,True,True,True,True,True,33140
7104,1010,917,20339,98,524.0,17075.0,72,27149,250691.0,9,True,False,True,True,False,True,32963
4473,690,501,9876,44,929.0,8795.0,47,3472,1433701.0,0,True,True,True,True,True,True,32896
3983,1114,578,2193,6,32.0,35.0,44,1004,5250.0,2,True,True,True,True,True,False,32846
8018,610,182,769,3,115.0,2267.0,14,306,106471.0,2,True,False,True,False,True,False,32836
4376,1051,248,1198,3,24.0,1858.0,3,661,1088.0,2,True,True,True,False,False,True,32754
3120,293,15,103,5,180.0,126.0,28,61,38780.0,1,True,True,True,True,False,False,32706
2902,205,589,8906,33,103.0,3132.0,26,2860,125282.0,0,True,True,True,True,False,True,32679
2781,413,287,3285,32,389.0,1060.0,44,1640,44007.0,1,True,True,True,False,True,False,32669
7284,1327,56,434,3,192.0,521.0,84,279,1653.0,3,True,False,False,False,False,False,32644
2556,759,71,499,3,59.0,119.0,14,108,1091.0,1,True,True,True,True,False,False,32633
1854,247,178,1854,9,38.0,596.0,18,778,20100.0,2,True,False,True,False,False,True,32578
1863,523,213,1718,9,99.0,1122.0,22,692,50653.0,0,True,True,True,True,True,False,32574
5938,960,11,2376,1,7.0,53.0,19,71,11887.0,1,True,True,True,True,True,False,32460
3486,239,16,46,2,200.0,89.0,24,40,10993.0,16,True,True,True,False,False,False,32425
6981,1143,180,1889,9,192.0,1553.0,57,656,44277.0,6,True,True,True,True,True,True,32381
3571,498,342,2598,2,206.0,4892.0,4,1153,4485.0,9,True,True,True,True,False,True,32378
4370,633,346,27079,774,2749.0,10912.0,218,16844,406629.0,17,True,True,True,True,False,False,32375
2680,237,415,1718,59,654.0,1501.0,159,1081,13934.0,0,True,True,True,False,False,True,32338
2083,228,370,1550,19,361.0,1906.0,33,1350,7115.0,1,True,True,True,True,False,False,32325
6218,673,6,401,4,7.0,32.0,0,31,365038.0,6,True,True,True,True,False,False,32297
5049,832,418,6555,60,399.0,3058.0,31,2257,28133.0,9,True,True,True,False,False,True,32280
8855,1100,111,1423,3,9.0,51.0,1,222,4154951.0,18,True,True,True,True,True,False,32274
5180,1196,177,2872,74,366.0,1809.0,37,1152,56968.0,18,True,False,False,True,False,False,32165
10602,1181,39,1430,2,256.0,1271.0,12,201,47327.0,6,True,False,True,False,True,True,32132
1643,421,135,1900,5,886.0,1516.0,11,326,5286.0,34,True,True,True,True,False,False,32101
7785,1677,73,2497,3,7858.0,5324.0,1,483,60810.0,1,True,True,True,True,False,False,32004
2858,512,253,24224,90,1730.0,12817.0,31,3985,286819.0,6,True,True,True,True,True,True,31985
2793,382,396,3092,3,28.0,1572.0,1,947,4791.0,35,True,True,True,True,False,True,31842
2680,365,280,993,3,129.0,891.0,69,857,1949.0,9,True,True,True,True,False,False,31836
9066,1441,1150,51490,251,2564.0,26594.0,41,15316,412458.0,10,True,True,True,True,False,False,31691
4307,488,426,5176,8,847.0,1852.0,195,1690,6121.0,4,True,True,True,True,False,True,31535
1654,208,366,1931,24,422.0,1190.0,148,1394,19788.0,0,True,False,True,False,False,True,31525
8423,1032,372,1757,124,52.0,1711.0,0,1439,7113.0,1,True,True,True,True,False,False,31504
2128,631,189,5044,19,133.0,945.0,27,849,30684.0,23,True,False,True,False,False,False,31451
7997,947,30,596,3,288.0,1038.0,5,113,50650.0,26,True,False,True,True,True,False,31436
7987,1205,44,2627,6,2755.0,2519.0,58,169,8283.0,13,True,True,True,True,False,False,31378
1132,235,202,9246,272,2749.0,5643.0,139,5280,95160.0,0,True,True,True,False,True,True,31346
1925,385,62,693,5,113.0,865.0,16,234,8803.0,19,True,True,True,True,False,False,31209
5785,359,976,5257,3,1907.0,5552.0,22,2563,26010.0,0,True,False,True,True,False,False,31206
2668,360,282,15014,337,578.0,1876.0,136,2514,244722.0,0,True,True,True,False,False,True,31189
15311,1769,617,11147,22,527.0,5592.0,34,7074,88132.0,6,True,True,True,True,False,True,31178
9318,1683,117,3689,1,5.0,1197.0,0,349,241702.0,6,True,False,True,True,True,True,31042
9419,838,23,435,10,216.0,466.0,57,89,58570.0,1,True,True,True,True,False,False,31040
8149,1596,99,1265,2,49.0,3259.0,0,371,4398.0,24,True,False,True,True,True,False,31027
3701,619,429,10322,12,248.0,2788.0,25,2548,57431.0,1,True,True,True,False,False,True,30989
2315,543,84,441,13,9.0,96.0,23,165,1549.0,2,True,False,True,False,False,True,30913
966,141,173,889,1,7.0,580.0,2,575,5901.0,0,True,True,True,True,False,True,30777
6671,1290,40,523,2,606.0,215.0,51,113,56033.0,1,True,True,True,True,False,False,30559
6269,1171,3,1201,1,278.0,414.0,0,10,712077.0,25,True,True,True,True,True,True,30543
1362,411,116,1658,1,127.0,386.0,30,2003,10005.0,3,True,True,True,True,False,True,30416
7287,502,48,306,2,1.0,197.0,0,94,1410.0,3,True,True,True,True,False,False,30403
2042,483,68,711,5,20.0,552.0,4,176,107318.0,2,True,True,True,False,True,False,30377
1557,153,504,5456,281,113.0,2571.0,41,4182,140869.0,0,True,True,True,False,False,False,30313
3267,730,60,5321,8,957.0,770.0,46,268,31225.0,3,True,True,True,True,False,False,30310
6240,405,122,5997,15,1560.0,5613.0,145,2426,347407.0,1,True,True,True,True,False,True,30300
3508,287,335,8623,528,150.0,924.0,162,5002,131103.0,0,True,True,True,True,True,False,30269
3499,1049,30,262,2,9.0,253.0,7,74,1348.0,1,True,True,True,True,False,False,30234
4737,661,191,17866,1,1278.0,5909.0,171,5011,210071.0,19,True,True,False,True,False,False,30222
13169,2020,988,70397,6,403.0,5138.0,50,12034,866973.0,23,True,True,True,True,True,True,30216
12356,757,2468,19709,43,673.0,6566.0,173,20789,238004.0,1,True,True,True,False,False,True,30176
3522,1693,245,576,1,12.0,51.0,15,390,381.0,23,True,True,True,False,False,False,30169
5730,760,922,30361,10,57.0,3820.0,39,6752,78386.0,13,True,False,False,True,False,True,30098
1476,353,46,459,18,261.0,237.0,7,105,13740.0,4,True,True,True,True,True,True,30012
2402,252,127,802,103,507.0,1029.0,73,876,14800.0,2,True,True,True,False,False,False,29951
1894,365,128,511,8,259.0,178.0,81,360,51869.0,1,True,True,True,True,True,True,29925
3355,761,468,10785,811,392.0,4760.0,57,4444,49498.0,1,True,True,True,True,False,False,29908
5570,1207,386,4663,15,12.0,3242.0,20,1911,11240.0,9,True,True,True,True,False,True,29740
2639,338,519,7007,89,1979.0,3578.0,147,3148,3643605.0,0,True,True,True,True,True,True,29728
3323,390,160,2994,1,32.0,1291.0,3,1400,8184.0,2,True,True,True,False,False,True,29705
9321,1188,388,4208,5,239.0,1861.0,58,1833,12824.0,3,True,False,False,False,True,True,29642
6439,645,477,3531,22,903.0,4536.0,142,1660,30935.0,2,True,True,True,True,False,True,29637
5362,632,46,1640,3,13.0,59.0,1,196,19269.0,9,True,True,True,True,False,True,29639
3443,319,127,2325,8,254.0,753.0,22,2522,23586.0,1,True,True,True,True,False,True,29488
10063,1000,3128,35696,22,2.0,17048.0,15,27092,73895.0,24,True,False,True,False,False,True,29474
5599,1281,1043,17241,31,43.0,8128.0,10,4081,122997.0,18,True,True,True,True,False,True,29462
10141,1008,9,734,9,82.0,71.0,30,48,14194.0,6,True,True,True,True,False,True,29448
1018,152,106,868,7,16.0,876.0,4,348,3745.0,2,True,False,True,False,True,True,29440
3979,220,93,433,2,60.0,65.0,8,194,25091.0,18,True,True,True,True,True,True,29431
4867,705,135,4144,15,165.0,6652.0,21,3593,24375.0,9,True,False,True,False,False,False,29425
5847,1132,371,1958,22,15.0,4734.0,0,1137,164709.0,3,True,True,True,True,True,False,29255
7207,722,532,3970,140,725.0,276.0,271,224,382839.0,16,True,False,True,False,True,False,29232
7216,585,90,437,1,5.0,79.0,3,165,2068.0,2,True,True,True,True,False,False,29158
7973,1324,37,290,6,136.0,694.0,24,107,27110.0,25,True,True,True,True,True,False,29132
6183,537,219,1457,33,72.0,1822.0,45,1149,8943.0,2,True,False,True,False,False,True,29130
18592,1501,1664,159206,82,2080.0,14161.0,3334,100033,6035913.0,2,True,False,True,True,False,False,29096
8271,1146,35,1730,6,7.0,1360.0,2,123,72720.0,1,True,True,True,True,False,False,29027
8804,694,121,761,2,139.0,244.0,47,558,836.0,4,True,True,True,False,False,False,29000
7382,865,23,367,1,15.0,40.0,3,45,6084.0,3,True,True,True,True,True,False,28935
1903,431,6,10030,3,31.0,3002.0,2,523,16871.0,13,True,False,True,True,False,True,28921
12276,1337,8,213,2,5.0,99.0,0,47,1073.0,6,True,True,True,True,False,False,28909
7177,781,82,472,1,8.0,489.0,5,227,24841.0,19,True,True,True,True,False,False,28891
8256,1233,15,132,1,10.0,31.0,5,29,714371.0,31,True,True,True,True,False,False,28883
2948,452,529,5265,17,204.0,2889.0,48,3759,124863.0,0,True,True,True,False,True,True,28864
3119,512,462,16574,59,897.0,5946.0,75,1805,61707.0,34,True,True,True,True,False,False,28852
4300,274,34,176,10,410.0,386.0,6,76,130830.0,1,True,True,True,True,False,True,28729
3280,632,76,169,4,10.0,28.0,3,127,498.0,2,True,True,True,True,False,False,28701
5699,681,1241,114997,6675,2810.0,12874.0,335,33526,1058420.0,3,True,True,True,True,False,True,28696
4520,423,11,106,1,207.0,106.0,12,27,5534.0,1,True,True,True,True,False,True,28637
7208,876,55,184,1,1.0,26.0,0,134,4412744.0,18,True,True,True,True,False,False,28512
2442,357,66,585,10,32.0,23.0,7,106,8942.0,16,True,True,True,True,False,False,28495
3932,989,133,2014,159,81.0,1422.0,5,976,137796.0,25,True,False,True,False,True,False,28446
5822,865,21,132,4,23.0,83.0,17,48,994.0,29,True,True,True,True,True,False,28442
2841,446,88,2357,65,650.0,2097.0,38,180,397139.0,2,True,False,True,True,False,False,28404
1970,532,226,1649,12,7.0,25.0,70,315,19220.0,2,True,True,True,True,False,False,28391
9087,1140,2772,64750,28,531.0,17972.0,232,29831,253344.0,24,True,True,False,False,False,True,28305
5934,1819,61,3297,16,30.0,39.0,27,203,60251.0,2,True,True,True,True,False,False,28258
13957,1141,322,2905,9,136.0,629.0,60,1249,73004.0,2,True,False,True,True,True,False,28213
1858,1230,15,147,1,150.0,182.0,9,33,329.0,4,True,True,True,True,True,False,28205
6935,931,619,73037,21,745.0,7884.0,342,8857,3173748.0,1,True,True,True,True,True,False,28203
2419,471,175,1948,10,90.0,1111.0,11,647,3558.0,2,True,False,True,False,False,False,28181
4628,513,50,1066,6,837.0,1639.0,61,411,117300.0,0,True,True,True,False,True,True,28175
3202,1347,287,1911,1,25.0,150.0,5,645,21247.0,1,True,False,True,False,False,False,28150
1488,230,277,4009,3,474.0,2491.0,13,2368,117774.0,2,True,False,True,True,False,True,28073
10135,1275,142,2837,15,143.0,2878.0,7,1608,52506.0,6,True,True,True,True,True,True,28048
9595,772,313,1209,14,87.0,1164.0,46,915,16993.0,2,True,True,True,False,True,False,28030
2817,421,72,440,7,72.0,674.0,5,140,33148.0,9,True,True,True,True,True,True,28019
5539,1308,322,3454,4,45.0,2352.0,26,1823,27144.0,2,True,True,True,True,True,False,28008
5985,558,149,925,5,1178.0,2382.0,206,480,3677.0,2,True,True,True,False,False,False,27976
13333,351,86,1317,14,114.0,1147.0,11,399,16098.0,2,True,True,True,False,True,True,27934
4195,421,1053,10022,45,763.0,9299.0,73,5498,43688.0,2,True,True,True,False,False,True,27874
2687,700,170,3320,9,80.0,1492.0,10,870,15005.0,2,True,False,True,False,True,True,27864
2455,671,232,1883,12,11.0,1101.0,12,768,6820.0,2,True,True,True,True,True,False,27857
10143,997,16,117,2,49.0,15.0,12,19,684224.0,18,True,True,True,True,True,False,27736
7053,591,60,1059,9,192.0,2596.0,45,323,26567.0,6,True,True,True,True,False,True,27723
4922,1562,256,2534,11,30.0,182.0,31,767,14104.0,26,True,True,True,True,True,False,27712
3761,73,145,1746,10,138.0,677.0,15,567,6911.0,1,True,False,True,False,False,False,27702
1242,417,93,2591,8,122.0,587.0,1,312,25277.0,3,True,True,True,True,False,True,27680
3812,815,1200,17271,2274,869.0,4605.0,386,14616,247734.0,9,True,False,True,False,False,True,27663
11589,2457,646,3163,1,210.0,111.0,92,1463,30922.0,1,True,True,True,True,False,False,27640
6614,596,949,12107,4,132.0,7233.0,18,3721,25531.0,24,True,False,True,False,False,True,27621
740,219,141,1605,4,26.0,719.0,9,353,13802.0,0,True,True,True,True,False,True,27570
5554,533,255,2768,20,24.0,422.0,1,592,41403.0,2,True,True,True,True,True,True,27528
1321,307,375,2458,25,99.0,1049.0,18,1856,14047.0,11,True,True,True,True,True,True,27500
1564,519,374,3882,5,16.0,900.0,1,867,10255.0,0,True,False,True,True,True,True,27472
1772,368,231,4625,9,377.0,7404.0,16,4398,176530.0,10,True,True,True,False,False,False,27435
696,150,154,1266,6,75.0,666.0,15,538,1740.0,11,True,False,True,False,False,True,27423
7160,972,41,1269,2,1.0,600.0,0,416,9150.0,2,True,True,True,True,False,False,27361
978,148,219,7120,1,324.0,2337.0,22,4226,271881.0,11,True,True,True,False,False,True,27309
2013,292,628,3656,15,64.0,1639.0,17,2759,6303.0,2,True,True,True,False,False,True,27279
4354,970,42,790,2,33.0,31.0,37,200,7768.0,1,True,True,True,True,False,False,27273
2251,469,168,1126,11,141.0,1407.0,14,667,3091.0,36,True,True,True,False,True,True,27243
8592,474,99,4252,12,255.0,2159.0,8,1374,65594.0,6,True,True,True,False,False,True,27229
4756,557,14,235,2,292.0,102.0,56,54,158.0,2,True,True,True,True,False,False,27155
3430,708,586,80770,320,5748.0,46427.0,951,49996,2532025.0,9,True,True,True,True,False,True,27121
3894,300,156,553,18,224.0,416.0,43,535,2433.0,13,True,True,True,True,False,True,27123
4908,586,89,789,40,272.0,665.0,16,1017,36106.0,3,True,True,True,False,False,False,27103
2762,262,33,970,1,840.0,601.0,5,57,14739.0,3,True,True,True,True,False,True,27096
7588,921,100,706,3,229.0,1643.0,15,230,86471.0,3,True,True,True,True,True,False,27036
2652,272,257,13091,1042,3238.0,10434.0,146,9380,351398.0,0,True,True,True,False,True,False,27033
3134,306,539,4058,42,569.0,2440.0,24,2248,21769.0,0,True,False,True,False,False,True,27005
5264,1097,116,10069,3,57.0,4881.0,6,344,83486.0,1,True,True,True,True,True,False,26983
4452,323,8,1944,4,289.0,966.0,4,61,31917.0,0,True,False,True,False,False,True,26981
7155,1663,23,709,6,30.0,59.0,15,99,1188.0,6,True,True,True,True,True,False,26963
5605,852,283,2830,7,30.0,1383.0,19,1532,6910.0,2,True,True,True,True,True,False,26956
959,233,59,755,10,91.0,161.0,17,175,26458.0,9,True,True,True,False,False,True,26892
8388,1734,211,6853,16,2477.0,1436.0,152,1182,81442.0,6,True,False,True,True,False,False,26851
1853,332,370,9237,59,124.0,1900.0,26,2386,382365.0,2,True,True,True,False,True,False,26846
2596,549,307,4058,18,57.0,1735.0,23,1403,28900.0,9,True,True,True,False,False,False,26848
3612,411,151,1080,24,402.0,1293.0,25,467,2403.0,2,True,True,True,True,True,True,26819
3319,1038,6,252,1,256.0,298.0,0,23,199.0,2,True,True,True,True,False,False,26818
6503,1532,23,695,6,43.0,614.0,7,261,10515.0,18,True,True,True,True,True,False,26794
3505,561,452,2632,5,76.0,494.0,158,1345,10094.0,24,True,True,True,False,False,False,26724
1059,198,158,776,10,71.0,701.0,22,802,3148.0,0,True,False,True,False,False,True,26682
5826,606,150,1789,9,810.0,3345.0,94,801,190655.0,26,True,True,True,True,False,False,26652
5419,1386,7,73,1,98.0,48.0,6,7,868034.0,15,True,True,False,True,False,True,26615
1020,124,112,1378,38,53.0,567.0,5,273,72698.0,0,True,False,True,False,False,True,26578
7548,1322,676,29659,26,161.0,8833.0,42,2868,2020244.0,6,True,True,True,True,True,False,26566
9322,594,317,5675,446,569.0,8096.0,61,5423,201855.0,2,True,True,False,False,True,True,26512
4500,478,192,2267,276,129.0,2218.0,37,1193,108123.0,2,True,True,True,False,True,False,26488
7722,624,27,173,1,64.0,112.0,21,48,13110.0,1,True,True,True,True,False,False,26488
4548,580,275,1733,2,4.0,168.0,34,1095,2664.0,2,True,True,True,True,False,False,26488
2200,526,246,23740,1,1064.0,2628.0,35,6025,84752.0,3,True,True,True,True,False,False,26530
1755,358,302,3211,19,28.0,1846.0,14,1215,19247.0,0,True,False,True,True,True,True,26445
9045,849,213,1964,13,537.0,1463.0,27,1034,3112.0,2,True,True,True,True,True,True,26437
4582,490,815,21576,2,729.0,7811.0,62,7860,208352.0,9,True,True,True,False,False,False,26411
4304,954,850,19966,999,1066.0,4070.0,201,11881,429119.0,9,True,True,True,False,False,False,26404
1591,365,133,2548,3,12.0,1110.0,1,2037,9438.0,0,True,True,True,True,True,True,26356
11743,905,310,4606,45,216.0,6841.0,14,3279,52987.0,6,True,True,True,True,False,False,26351
7711,2083,33,213,2,10.0,17.0,10,72,1584.0,7,True,False,True,True,True,False,26277
5861,1401,419,2318,4,97.0,174.0,18,827,6902.0,33,True,True,True,True,False,False,26260
7095,610,230,4582,3,7.0,2291.0,2,755,53976.0,6,True,True,True,False,False,True,26252
1313,264,301,3503,5,40.0,1079.0,6,1317,217799.0,9,True,True,True,False,True,False,26239
2687,593,37,401,4,234.0,125.0,85,133,5251.0,4,True,True,True,True,True,False,26203
2706,718,34,756,3,146.0,204.0,4,75,709513.0,30,True,False,True,True,False,True,26186
1724,176,47,530,11,112.0,430.0,31,163,573.0,4,True,False,True,True,False,False,26149
4045,223,422,4220,23,228.0,3207.0,65,1637,19110.0,0,True,True,True,False,True,True,26122
4119,551,647,15909,66,72.0,5330.0,38,3702,191733.0,1,True,False,True,False,False,True,26111
1885,789,143,33517,33,1335.0,5029.0,8,680,282019.0,3,True,False,True,True,False,False,26080
12112,1027,571,10457,20,223.0,14056.0,14,10539,125088.0,0,True,False,True,False,False,False,26077
4604,533,80,5802,44,1479.0,902.0,71,219,232820.0,2,True,False,True,False,False,False,26042
1474,314,142,7710,17,332.0,1435.0,35,595,162683.0,9,True,True,True,False,False,True,25966
18977,737,404,5965,1,548.0,7179.0,1,3110,295374.0,13,True,True,True,True,False,True,25940
10243,876,2,159,31,152.0,95.0,53,23,8495.0,6,True,True,True,True,False,False,25893
6687,804,9,248,2,2.0,76.0,1,68,65695.0,6,True,True,True,True,False,False,25892
4998,651,860,7142,7,390.0,3754.0,26,2841,19138.0,2,True,False,True,False,False,False,25872
4737,455,31,700,8,410.0,677.0,15,86,9168.0,9,True,True,True,True,True,False,25764
5511,954,35,143,2,303.0,619.0,23,77,4492.0,1,True,True,True,False,False,False,25744
3199,636,75,656,6,18.0,614.0,0,301,534.0,2,True,False,True,False,True,False,25713
3564,142,66,1492,13,99.0,2001.0,13,371,2890.0,9,True,True,True,True,False,True,25702
7227,1201,187,1557,11,925.0,3125.0,57,558,18998.0,6,True,True,True,True,True,False,25701
1889,291,49,293,5,42.0,171.0,0,206,7162.0,2,True,False,True,False,True,False,25660
1137,196,164,3476,12,74.0,1085.0,10,500,672440.0,0,True,True,True,False,False,True,25654
3736,493,771,19311,85,287.0,9842.0,7,3029,108304.0,2,True,True,True,True,True,True,25651
5271,630,461,8453,43,110.0,2805.0,54,2056,42018.0,2,True,True,True,True,True,True,25627
3232,439,311,2270,17,76.0,2169.0,26,1149,2290.0,2,True,False,True,False,False,False,25627
4676,1055,97,1016,4,97.0,1083.0,18,473,3909.0,6,True,False,True,False,True,False,25619
2144,523,255,1686,6,48.0,1283.0,19,875,6120.0,9,True,True,True,True,False,True,25609
6382,727,505,2654,6,77.0,4679.0,20,1471,13998.0,2,True,False,True,False,True,False,25599
7819,982,166,2437,12,417.0,1666.0,23,1184,21687.0,6,True,True,True,True,False,False,25578
7755,1385,140,1119,3,152.0,88.0,47,271,172065.0,16,True,True,True,True,True,False,25568
4484,445,822,17295,343,2537.0,11275.0,247,20992,307273.0,1,True,True,True,True,False,False,25562
7629,863,2,140,8,16.0,27.0,12,10,1090.0,6,True,True,True,True,False,False,25562
5331,416,49,342,1,8.0,21.0,1,102,344.0,2,True,False,False,False,False,False,25553
6584,613,1210,8680,17,73.0,3742.0,61,4465,51134.0,1,True,False,True,False,True,True,25538
1875,432,85,3330,51,424.0,1622.0,15,1987,97001.0,0,True,False,True,True,True,False,25536
2170,469,226,3895,427,969.0,3969.0,166,3826,72954.0,9,True,True,True,False,True,False,25494
876,87,281,3096,63,80.0,687.0,24,3008,30175.0,0,True,True,True,False,False,True,25494
2316,252,29,753,65,173.0,664.0,10,182,5311.0,2,True,True,True,True,False,True,25483
757,164,136,2612,26,576.0,768.0,55,912,22590.0,11,True,True,True,True,False,True,25459
3046,908,301,2613,9,166.0,1317.0,26,1195,19310.0,2,True,False,True,True,True,True,25456
3370,741,454,35261,832,1696.0,11167.0,58,10942,166156.0,9,True,True,True,False,False,True,25435
4158,272,122,1469,3,0.0,748.0,0,328,1596.0,1,True,True,True,True,False,True,25412
1491,253,76,1811,7,10.0,1092.0,6,967,29051.0,0,True,True,True,True,False,True,25399
2207,900,9,67,2,13.0,44.0,1,14,628.0,2,True,False,True,False,False,False,25387
6111,547,771,16796,538,641.0,6685.0,163,15695,747643.0,0,True,False,True,False,False,True,25369
6522,1317,179,3983,24,1831.0,1669.0,171,683,15513.0,6,True,False,True,True,False,False,25330
1855,417,33,209,3,98.0,51.0,32,63,722.0,2,True,True,True,True,True,False,25284
833,154,178,1374,34,24.0,583.0,3,437,5865.0,2,True,True,True,True,True,False,25263
4130,297,86,1891,54,56.0,664.0,15,328,24806.0,1,True,True,True,True,True,True,25232
1234,230,183,1846,2,99.0,3190.0,2,370,48210.0,2,True,False,True,False,False,False,25225
1714,262,160,1288,51,6.0,1586.0,5,504,2442.0,2,True,False,True,True,False,False,25208
5749,1004,710,11883,169,537.0,2296.0,345,8030,204212.0,3,True,True,True,True,True,False,25202
4375,743,1002,16449,94,641.0,8691.0,81,3668,80299.0,23,True,True,True,True,False,False,25198
19936,156,69,729,2,35.0,942.0,24,432,4193.0,0,True,True,True,False,False,True,25192
5144,1036,723,11628,1,324.0,702.0,79,851,44564.0,3,True,True,True,True,False,False,25137
7574,1632,12,543,2,16.0,22.0,17,43,49025.0,1,True,True,True,True,False,False,25064
1966,186,467,2847,9,562.0,4390.0,95,2271,17452.0,1,True,True,True,False,False,True,25022
13041,1097,39,509,3,119.0,432.0,17,104,87254.0,16,True,True,True,True,False,False,25020
1268,206,118,2464,1,6.0,1592.0,7,726,8254.0,11,True,False,True,True,False,True,25009
3122,815,12,147,1,64.0,98.0,49,50,154.0,13,True,True,True,True,False,False,24941
2409,686,202,1529,9,35.0,520.0,6,638,7382.0,9,True,False,True,False,False,True,24937
3140,237,201,1988,25,440.0,736.0,62,564,48092.0,2,True,True,True,True,True,False,24936
1437,325,137,1354,17,686.0,1315.0,132,440,6985.0,13,True,True,True,True,True,False,24880
1382,431,216,2057,55,419.0,407.0,123,567,2426.0,13,True,True,True,True,True,False,24878
6738,366,190,1465,13,303.0,2981.0,71,539,6246.0,1,True,True,True,False,False,True,24835
3257,469,285,4703,202,253.0,5422.0,78,2485,169554.0,2,True,True,True,True,False,True,24801
1488,446,83,463,19,131.0,70.0,6,190,2658.0,4,True,True,True,True,False,True,24781
2030,572,138,1621,10,34.0,2178.0,5,558,2937.0,3,True,True,True,True,False,True,24776
1273,211,110,1940,40,344.0,569.0,100,413,5874.0,1,True,True,True,True,True,True,24773
2808,567,162,3090,10,10.0,3169.0,4,956,38037.0,1,True,True,True,True,True,False,24761
11891,635,71,915,1,191.0,295.0,6,121,154110.0,16,True,True,True,True,False,False,24755
2661,342,892,50265,1,607.0,2809.0,87,15263,175069.0,3,True,False,True,False,False,False,24754
1470,476,100,6116,3,980.0,2439.0,27,228,87026.0,2,True,True,True,False,True,False,24737
1720,234,181,1201,11,12.0,961.0,1,901,3172.0,2,True,True,True,True,True,False,24683
2165,288,171,5505,370,633.0,2623.0,29,3299,264716.0,1,True,True,True,True,False,False,24646
5416,912,37,271,1,54.0,71.0,4,70,8019.0,6,True,True,True,True,True,False,24637
13135,349,1372,6044,1,67.0,662.0,2,4831,132910.0,1,True,True,True,False,True,False,24604
3246,414,59,202,2,150.0,95.0,27,108,20700.0,4,True,True,True,True,False,False,24589
1223,166,479,7210,1,843.0,2988.0,33,4983,36891.0,11,True,True,True,True,False,True,24588
1791,355,474,8827,9,39.0,2500.0,5,3061,14287.0,4,True,True,True,True,False,True,24586
4594,853,50,382,5,449.0,608.0,87,169,8292.0,18,True,True,True,False,True,False,24579
2934,277,208,1526,549,717.0,895.0,136,1622,39458.0,1,True,True,True,False,True,True,24581
5889,809,262,3399,13,51.0,2152.0,3,1287,21314.0,37,True,True,True,True,False,True,24570
1391,381,58,287,16,115.0,170.0,27,135,6468.0,1,True,True,False,False,True,False,24518
2610,887,741,2259,3,13.0,132.0,35,1419,3558.0,2,True,True,True,True,False,True,24492
4508,1986,32,168,1,15.0,11.0,19,54,147.0,31,True,True,True,True,False,False,24471
5132,333,787,9140,7,259.0,4121.0,11,7987,99884.0,2,True,True,True,True,True,True,24464
7786,897,35,548,36,403.0,1317.0,66,903,67208.0,0,True,False,True,False,True,False,24457
6292,492,302,1614,6,9.0,248.0,19,2169,93371.0,3,True,True,True,False,True,True,24355
4684,1054,22,550,11,97.0,476.0,45,86,1742.0,6,True,True,True,True,True,False,24346
6669,522,598,6868,47,285.0,6814.0,333,4570,19940.0,9,True,True,True,True,False,False,24295
10071,950,58,1723,14,1015.0,1735.0,133,296,32974.0,6,True,True,True,True,False,False,24287
2984,275,42,331,4,301.0,581.0,27,70,8582.0,1,True,True,True,False,False,False,24281
2858,526,215,7712,2,551.0,5262.0,7,1024,63776.0,10,True,False,True,False,False,False,24235
909,936,335,1717,3,13.0,74.0,89,936,1350.0,23,True,True,True,True,False,False,24188
4924,522,8,1127,5,280.0,1204.0,1,26,273479.0,6,True,True,True,True,False,False,24185
3424,301,210,2014,2,245.0,1005.0,62,1874,19850.0,9,True,True,True,False,False,True,24165
21423,906,8,455,3,1789.0,547.0,163,96,6526.0,13,True,True,True,True,False,False,24162
5217,682,10,392,4,72.0,33.0,128,130,29623.0,1,True,True,True,True,False,False,24161
8646,369,392,2539,16,642.0,6367.0,116,2761,53337.0,1,True,True,True,True,False,True,24165
8584,915,581,6349,17,321.0,4481.0,45,4302,26573.0,3,True,True,True,True,False,False,24132
1286,119,23,1080,7,42.0,138.0,7,100,25557.0,0,True,True,True,False,True,True,24044
4215,754,157,3031,35,1113.0,4470.0,112,956,32725.0,14,True,True,True,True,False,False,24009
3507,470,199,1188,4,21.0,1212.0,0,726,204032.0,26,True,False,True,False,False,True,23999
5062,536,138,1127,5,56.0,97.0,4,337,2166322.0,8,True,True,True,True,True,False,23955
2478,696,102,2645,3,83.0,840.0,1,431,16063.0,9,True,True,True,False,False,True,23950
7388,614,226,2659,1,147.0,1572.0,12,2164,853920.0,16,True,True,True,True,False,False,23902
2681,399,10,216,3,135.0,891.0,10,58,3201.0,25,True,True,True,True,False,True,23896
1841,361,405,8304,37,194.0,3735.0,13,1674,252093.0,1,True,True,True,True,False,True,23848
8675,656,497,5616,20,916.0,4187.0,45,3353,461819.0,2,True,True,True,True,False,True,23848
5463,896,17,188,2,250.0,612.0,16,91,955.0,1,True,True,True,True,False,False,23821
1095,185,317,5242,159,100.0,1071.0,110,1571,156048.0,0,True,True,True,False,True,True,23776
3077,596,715,25513,229,1304.0,6894.0,244,10604,266450.0,13,True,True,True,True,False,True,23743
2804,1568,71,959,2,1.0,337.0,0,141,8662.0,2,True,True,True,True,False,False,23741
8466,854,266,1671,31,681.0,2513.0,113,2225,14319.0,6,True,True,True,True,False,True,23734
2391,264,688,4228,26,1019.0,2039.0,419,4258,68988.0,11,True,True,True,False,True,True,23725
1052,209,231,1911,63,0.0,587.0,6,745,7386.0,18,True,False,True,False,False,True,23718
78907,2647,3,67,1,106.0,204.0,78,124,37125.0,16,True,True,True,True,False,False,23711
2818,417,181,2294,3,794.0,1194.0,26,508,65827.0,2,True,False,True,False,False,True,23688
2657,581,794,10698,3,1175.0,6774.0,59,1905,68262.0,6,True,True,True,True,False,False,23683
3417,547,335,1573,3,33.0,308.0,2,761,1306031.0,1,True,True,True,False,True,False,23673
3392,303,7,37,1,134.0,84.0,18,26,9364.0,1,True,True,True,True,False,False,23673
711,130,205,8287,154,1110.0,2206.0,22,2460,134786.0,0,True,True,True,False,False,True,23661
4100,520,125,2082,15,433.0,1104.0,38,383,14787.0,0,True,True,True,False,False,True,23628
5770,904,275,12324,4,265.0,9907.0,9,2665,960740.0,6,True,False,True,True,False,False,23623
4535,377,381,2389,10,63.0,1980.0,13,1596,163385.0,0,True,True,True,False,True,True,23619
5028,571,37,1423,8,537.0,2929.0,18,264,65316.0,25,True,True,True,True,False,False,23556
2656,533,87,1199,9,273.0,763.0,34,216,10221.0,2,True,True,True,True,False,False,23531
3183,473,639,13043,12,377.0,6847.0,97,4312,279360.0,2,True,True,True,False,False,True,23498
2591,704,63,629,16,163.0,551.0,44,198,935.0,38,True,True,True,True,True,False,23494
8104,585,1479,32309,28,1985.0,9449.0,176,12105,124594.0,1,True,True,True,True,False,False,23495
3152,656,6,1619,2,5361.0,24.0,3,14,6656.0,2,True,True,True,True,False,False,23495
6513,929,672,10708,91,1762.0,12330.0,158,12731,100363.0,0,True,True,True,True,False,True,23491
2858,841,124,2258,2,51.0,575.0,13,793,13989.0,9,True,False,True,False,False,False,23452
5568,264,175,1679,43,200.0,969.0,58,746,26436.0,2,True,True,True,True,True,True,23451
1210,264,39,643,26,378.0,231.0,107,469,15559.0,2,True,True,True,True,False,False,23450
3456,204,54,651,5,444.0,1108.0,4,361,48244.0,14,True,True,True,True,False,True,23438
1344,259,347,5260,16,432.0,2608.0,18,1918,25374.0,2,True,True,True,True,False,True,23434
670,191,213,4150,33,79.0,1256.0,11,2922,143558.0,11,True,True,False,False,False,True,23426
2430,314,20,259,15,306.0,352.0,27,109,1465.0,2,True,True,True,True,True,False,23414
1910,216,544,3992,34,221.0,1345.0,94,2892,36883.0,0,True,False,True,False,False,True,23408
4427,372,63,267,11,54.0,33.0,53,210,6066.0,18,True,False,True,False,False,False,23408
2017,641,26,355,1,0.0,17.0,2,42,4628.0,1,True,True,True,True,False,False,23379
4699,1668,109,2109,10,342.0,681.0,52,753,9784.0,6,True,True,True,True,True,False,23372
4072,540,343,3664,20,14.0,1193.0,6,1277,16237.0,26,True,True,True,True,False,False,23318
3538,786,108,1465,5,8.0,1160.0,1,335,49191.0,29,True,True,True,True,True,False,23303
1502,183,135,1609,6,107.0,1136.0,0,485,10072.0,0,True,True,True,False,False,True,23264
3041,914,614,3918,2,1.0,129.0,1,1670,6931.0,23,True,True,True,False,True,False,23263
992,271,68,1135,8,45.0,1325.0,12,270,41256.0,2,True,False,True,True,False,True,23251
9930,1491,165,4199,31,30.0,1204.0,14,798,659359.0,10,True,True,True,True,False,True,23200
5563,479,554,3823,26,135.0,4025.0,66,1340,5785.0,23,True,False,True,True,True,False,23186
4020,591,392,7314,223,520.0,1772.0,261,3403,27933.0,1,True,True,True,False,True,True,23137
925,156,33,682,5,37.0,662.0,0,124,32912.0,9,True,True,True,False,False,True,23137
2151,306,504,16065,324,1147.0,3032.0,286,9611,78737.0,1,True,False,True,False,False,True,23131
3832,439,462,7538,13,84.0,3603.0,52,5076,42764.0,0,True,True,True,False,False,True,23099
562,109,100,549,11,35.0,268.0,4,262,1631.0,0,True,True,True,False,False,True,23076
2047,283,1817,2749,26,187.0,4024.0,30,2786,580099.0,9,True,True,True,True,False,True,23076
2886,231,846,9254,156,595.0,5513.0,47,8847,125335.0,1,True,True,True,False,False,True,23063
2270,544,120,2038,7,12.0,2022.0,0,189,36082.0,13,True,True,True,True,True,False,23058
6439,345,172,681,2,17.0,82.0,1,305,138907.0,4,True,True,True,False,True,False,23052
11442,590,42,203,1,1832.0,837.0,115,164,122597.0,1,True,True,True,True,False,False,23047
2187,396,220,10596,232,667.0,1746.0,39,5482,58251.0,3,True,True,True,True,False,True,23040
1848,495,161,2110,4,27.0,793.0,3,912,28329.0,9,True,False,True,False,False,False,23038
657,6662,10,593,7,234.0,406.0,3,21,75636.0,10,True,False,True,True,True,False,22997
2533,745,71,871,3,3.0,570.0,3,539,5173.0,2,True,False,True,False,False,True,22989
1462,271,315,2987,2,132.0,1469.0,26,1709,8491.0,2,True,True,True,True,False,True,22975
2037,631,139,1424,7,211.0,929.0,27,622,4116.0,4,True,True,True,True,False,False,22970
4947,503,1172,12580,24,334.0,8020.0,45,7526,61436.0,39,True,True,True,True,False,True,22962
4254,669,24,328,4,220.0,610.0,14,65,858.0,9,True,True,True,False,False,False,22919
1985,564,132,3412,1,47.0,1602.0,3,600,685653.0,1,True,True,True,True,False,True,22913
1880,250,145,571,7,367.0,424.0,97,545,1301.0,9,True,True,True,True,False,True,22914
2377,533,108,2753,6,987.0,2413.0,14,452,98270.0,10,True,False,True,True,False,False,22889
3334,545,70,697,4,595.0,1177.0,0,223,30540.0,2,True,True,True,True,False,True,22857
1767,228,63,707,57,431.0,803.0,49,905,20326.0,0,True,True,True,False,False,True,22836
1409,532,227,5700,22,97.0,1467.0,22,1364,16637.0,26,True,False,True,False,False,False,22813
8326,897,64,636,27,147.0,537.0,42,330,21556.0,25,True,True,False,False,False,False,22792
1376,496,151,4870,12,193.0,1448.0,2,669,38290.0,1,True,True,True,True,True,True,22790
3346,419,279,1139,4,15.0,1198.0,3,729,7514.0,0,True,False,True,False,False,True,22784
917,129,238,5640,18,36.0,3100.0,16,1117,68785.0,0,True,False,True,True,False,True,22747
9197,1116,306,19204,32,499.0,3461.0,87,10857,3179449.0,3,True,False,True,True,True,False,22729
4131,316,949,8910,56,111.0,9498.0,16,6710,39163.0,2,True,True,True,False,False,True,22677
980,243,79,1757,35,98.0,274.0,17,173,24647.0,9,True,False,True,False,False,False,22673
2235,318,256,1229,13,3.0,657.0,69,650,980.0,9,True,True,True,True,False,False,22629
5346,510,91,1542,3,5.0,67.0,5,312,301007.0,4,True,True,True,True,True,True,22605
2470,289,1,6773,2,26.0,906.0,1,163,48146.0,2,True,False,True,False,True,False,22570
1974,650,239,7161,79,490.0,5849.0,74,852,13135.0,2,True,False,True,False,True,False,22566
2494,575,570,5791,1,431.0,6738.0,18,2179,52743.0,25,True,False,True,False,False,True,22558
4478,641,193,954,4,56.0,100.0,144,601,1452.0,1,True,True,True,True,False,False,22550
3508,560,875,67647,720,2054.0,13875.0,391,20840,3289509.0,24,True,True,True,True,True,False,22540
1299,199,183,2399,14,46.0,795.0,12,588,23446.0,0,True,True,True,False,False,True,22535
1841,562,169,853,2,71.0,203.0,16,351,5412.0,2,True,True,True,True,False,False,22531
2387,455,351,3634,5,10.0,1792.0,5,1322,9953.0,24,True,False,True,False,False,False,22517
2408,299,18,706,2,16.0,71.0,2,78,149690.0,16,True,True,True,True,True,True,22511
2463,374,15,530,18,173.0,554.0,22,89,9823.0,1,True,True,True,True,False,False,22499
1631,671,225,7242,103,917.0,5645.0,31,3471,116148.0,0,True,True,True,True,False,True,22498
740,247,16,196,3,113.0,457.0,4,90,19187.0,1,True,True,True,True,False,False,22485
3598,405,132,6357,23,44.0,713.0,31,896,68205.0,9,True,True,True,False,False,True,22490
4296,874,818,22188,66,375.0,6277.0,93,10041,78470.0,2,True,True,True,False,False,False,22450
1876,380,66,718,1,37.0,719.0,0,385,82923.0,2,True,False,True,False,False,True,22446
2037,256,321,1939,11,17.0,1455.0,3,870,8916.0,2,True,True,True,True,True,True,22445
1176,489,186,701,3,20.0,25.0,45,279,10573.0,2,True,True,True,True,True,False,22424
4901,327,176,2627,44,616.0,8435.0,26,1646,60950.0,0,True,True,True,False,False,True,22415
2370,591,243,3329,17,242.0,1780.0,47,773,7319.0,9,True,True,False,False,True,False,22415
2701,334,252,1201,142,797.0,978.0,161,1202,36831.0,2,True,True,True,True,True,False,22383
5525,853,107,1205,5,3.0,201.0,1,312,11860.0,9,True,True,True,True,True,False,22366
1349,181,208,11406,88,1396.0,4859.0,38,2625,131676.0,17,True,True,True,False,False,True,22366
2002,686,118,585,1,162.0,138.0,96,298,2170.0,18,True,False,True,False,False,False,22354
1635,251,118,5204,6,29.0,852.0,7,314,39451.0,2,True,False,True,False,True,True,22330
2602,483,415,50219,38,835.0,7610.0,119,3037,100045.0,13,True,True,True,True,False,False,22330
2897,460,62,363,14,160.0,548.0,33,257,5478.0,0,True,True,True,True,True,False,22248
11380,655,403,3186,39,153.0,1481.0,56,2454,32978.0,2,True,False,True,False,False,False,22247
2716,300,17,87,5,141.0,53.0,30,31,75263.0,1,True,True,True,True,False,False,22248
1250,314,105,1124,10,203.0,498.0,35,337,4857.0,2,True,True,True,True,True,True,22217
2068,296,895,24113,19,773.0,4129.0,98,4003,59496.0,10,True,True,True,False,False,True,22176
4367,941,6,374,1,32.0,36.0,18,17,553.0,1,True,True,True,True,False,False,22148
3378,614,17,431,15,406.0,301.0,25,52,1672.0,2,True,True,True,True,True,False,22117
3067,725,169,2454,32,352.0,1794.0,31,661,9541.0,2,True,True,True,True,False,False,22114
4898,275,544,16493,57,99.0,4055.0,28,4724,339322.0,0,True,False,True,False,True,False,22113
4233,745,140,1822,12,290.0,1237.0,107,689,12044.0,6,True,False,False,False,False,False,22109
7561,237,41,632,55,82.0,141.0,10,248,19819.0,0,True,True,True,False,False,True,22086
1650,283,676,24056,25,2191.0,6229.0,130,7092,260079.0,28,True,True,True,True,False,False,22061
3958,287,112,7497,1,0.0,32.0,0,952,517309.0,6,True,False,True,False,True,True,22039
7549,611,189,2149,2,90.0,641.0,78,568,5484.0,13,True,True,True,False,False,True,22022
5439,370,303,2288,65,883.0,2961.0,105,1148,24646.0,1,True,True,True,False,False,False,22014
4252,599,1009,18084,29,1374.0,7895.0,126,17977,208622.0,3,True,True,True,True,False,False,22011
3002,397,485,3601,33,255.0,2622.0,37,2008,22206.0,2,True,False,True,True,False,True,22007
2627,460,102,1300,17,42.0,728.0,21,1093,45028.0,18,True,False,True,False,True,False,21997
4184,672,104,1287,9,249.0,2123.0,56,707,3057.0,18,True,True,True,False,True,False,21978
1872,400,756,15957,185,1674.0,4948.0,61,2219,119288.0,40,True,True,True,True,False,False,21976
2038,618,11,72,2,15.0,13.0,48,43,927.0,9,True,True,True,False,True,False,21977
755,46,224,1828,47,188.0,1096.0,74,483,4721.0,0,True,True,True,True,False,True,21956
798,108,43,351,5,55.0,145.0,3,288,17150.0,0,True,True,True,True,False,True,21947
2165,250,194,5408,68,182.0,1590.0,18,3053,1560046.0,1,True,True,True,False,True,True,21945
2027,866,147,6878,76,45.0,3865.0,13,1426,30658.0,18,True,True,True,True,False,False,21941
5020,78,392,4293,157,121.0,353.0,37,1408,24923.0,0,True,False,True,True,False,False,21939
3397,628,139,745,7,109.0,583.0,20,396,1116.0,26,True,True,True,False,False,False,21919
4758,598,200,2567,9,11.0,1881.0,7,1482,12819.0,1,True,True,True,True,False,True,21910
6963,843,113,1065,1,102.0,22.0,50,359,1173.0,1,True,True,True,True,False,False,21907
1964,650,109,1455,7,21.0,2920.0,2,371,3262.0,0,True,False,True,True,True,False,21905
4145,537,6,55,8,3.0,1182.0,1,839,16507.0,0,True,False,True,True,False,True,21903
3266,623,77,2166,8,46.0,4494.0,4,558,78590.0,3,True,False,True,False,False,True,21884
5886,653,20,1290,1,1.0,1258.0,1,92,7352.0,4,True,False,True,False,False,False,21881
679,153,65,234,2,63.0,720.0,0,233,29797.0,26,True,True,True,True,True,True,21877
3732,658,136,3466,61,110.0,1975.0,18,1646,50567.0,3,True,True,True,True,False,False,21877
4045,215,1099,40476,313,349.0,3758.0,93,12887,3103637.0,0,True,True,True,False,True,True,21864
1536,153,578,4510,17,853.0,2058.0,285,2929,28200.0,11,True,True,True,True,True,True,21825
8360,158,70,368,3,240.0,1168.0,28,244,5774.0,14,True,True,True,True,False,False,21820
2112,314,166,2799,3,403.0,1543.0,64,2844,28671.0,10,True,True,True,True,False,False,21824
6202,849,434,7588,9,66.0,4714.0,0,4688,168155.0,6,True,False,True,False,False,True,21803
4559,499,32,2046,7,247.0,3849.0,85,225,597310.0,3,True,True,True,True,True,False,21789
1279,451,17,197,7,124.0,106.0,9,52,3822.0,0,True,False,True,False,False,False,21786
4497,791,155,14785,10,790.0,11749.0,15,1601,201083.0,3,True,False,True,True,False,False,21786
6260,1448,58,3139,7,55.0,187.0,22,148,58059.0,25,True,True,True,False,False,False,21745
3513,428,469,4457,20,127.0,3291.0,38,3146,30603.0,0,True,True,True,True,False,False,21705
1009,190,127,10035,52,254.0,804.0,9,1931,108992.0,17,True,False,True,False,False,True,21679
9163,992,779,33058,22,1876.0,6526.0,282,12150,284339.0,13,True,True,True,True,False,False,21673
2930,449,114,813,23,300.0,1762.0,12,711,125132.0,3,True,True,True,True,True,True,21670
2168,364,94,889,2,301.0,1042.0,42,221,32214.0,2,True,False,True,False,False,True,21661
634,144,151,1605,3,257.0,588.0,55,290,3876.0,11,True,False,True,False,False,False,21636
2553,1057,69,1428,7,288.0,2026.0,39,273,4329.0,6,True,False,True,True,False,True,21633
3050,678,1204,19163,18,13.0,4933.0,1,7590,65437.0,41,True,False,True,True,False,False,21624
4714,593,266,20892,14,38.0,3769.0,15,4787,169695.0,1,True,True,True,True,False,False,21618
3574,1276,289,791,1,35.0,65.0,14,521,1345.0,1,True,True,True,True,True,False,21613
4973,843,89,8529,12,179.0,1033.0,26,574,249489.0,3,True,False,True,True,False,False,21581
1539,339,197,4358,31,120.0,1203.0,28,2293,26687.0,11,True,True,True,False,False,True,21579
1118,259,268,2823,23,689.0,1264.0,89,703,12767.0,9,True,True,True,True,False,True,21541
2708,300,299,10317,104,204.0,6130.0,23,6163,380441.0,0,True,True,True,True,False,True,21533
1992,361,39,366,3,106.0,407.0,50,139,1942.0,2,True,True,True,False,True,False,21527
1703,283,789,17263,30,451.0,6268.0,9,2936,77750.0,3,True,True,True,True,False,True,21515
2192,418,22,950,2,26.0,452.0,1,52,1140.0,2,True,False,True,True,False,False,21513
4776,265,376,2145,33,487.0,1420.0,85,1131,14870.0,2,True,True,True,True,False,False,21511
4484,480,1060,12190,87,554.0,4295.0,64,2863,34535.0,1,True,True,True,True,False,True,21503
3471,301,641,6509,11,77.0,1881.0,13,1788,14497.0,2,True,True,True,True,False,False,21498
995,224,164,1256,4,245.0,321.0,14,277,1638.0,1,True,True,True,True,False,True,21494
6418,1178,547,15225,3,208.0,3396.0,76,3427,1102224.0,6,True,True,True,True,False,False,21485
1203,285,72,809,25,149.0,249.0,44,184,5349.0,2,True,True,True,True,True,False,21468
2794,164,360,2155,5,90.0,2139.0,21,937,21330.0,0,True,True,True,False,False,True,21452
1213,317,34,617,15,329.0,416.0,36,114,614.0,2,True,True,True,True,False,True,21451
3435,453,30,68,1,186.0,1716.0,1,182,233210.0,25,True,True,True,True,False,True,21449
3360,703,506,5159,7,104.0,1454.0,46,2155,17936.0,13,True,False,True,False,False,True,21430
1894,323,69,1009,50,46.0,14.0,13,176,10454.0,2,True,True,True,True,False,False,21423
1717,367,78,558,3,33.0,564.0,0,149,31215.0,26,True,False,True,True,True,True,21405
5594,1081,184,3915,2,70.0,298.0,54,618,49091.0,42,True,True,True,False,False,False,21395
2048,418,71,9087,21,1348.0,1960.0,13,467,38004.0,3,True,True,True,False,False,False,21382
3422,223,6,11,1,190.0,64.0,35,16,36.0,1,True,True,True,False,False,False,21347
4656,708,155,51172,240,933.0,2937.0,30,17278,284739.0,13,True,False,True,False,False,False,21328
9471,369,280,9506,10,28.0,6682.0,6,4854,242210.0,0,True,False,True,True,True,True,21308
2690,435,240,3982,52,11.0,1427.0,1,897,7479.0,1,True,True,True,True,False,False,21308
1133,507,16,140,1,1.0,46.0,0,33,31094.0,10,True,True,True,True,False,False,21303
3622,276,160,1110,7,59.0,1765.0,14,1563,17536.0,0,True,True,True,False,False,False,21283
1433,121,329,4547,186,364.0,737.0,105,3028,511321.0,11,True,False,True,False,True,True,21275
3896,937,3,252,1,11.0,14.0,11,10,14827.0,16,True,False,True,False,False,False,21264
2146,226,445,2205,3,139.0,853.0,136,1086,5429.0,2,True,True,True,True,False,False,21263
2406,363,177,2586,7,90.0,1195.0,3,700,5837.0,26,True,False,True,True,False,True,21255
4520,1214,177,1277,5,1.0,111.0,1,372,6143.0,24,True,True,True,False,False,True,21251
1972,548,252,2572,11,279.0,2268.0,21,833,14862.0,2,True,False,True,False,True,False,21229
1417,242,82,6391,31,805.0,2114.0,20,268,110178.0,2,True,False,True,True,True,True,21224
1286,322,57,671,30,85.0,304.0,25,199,1736.0,9,True,True,True,True,False,False,21203
611,87,105,1076,2,70.0,431.0,0,217,4872.0,26,True,True,True,True,False,True,21185
2494,363,118,3570,2,261.0,523.0,104,509,88589.0,2,True,True,True,True,True,False,21131
5052,891,125,7957,3,317.0,4122.0,37,517,22886.0,6,True,False,True,True,False,True,21117
1651,424,220,4140,45,338.0,2514.0,45,3266,118347.0,9,True,False,True,False,False,False,21114
5486,997,371,4591,25,188.0,1579.0,26,1468,10033.0,1,True,True,True,True,True,False,21107
1439,213,295,3449,10,146.0,3332.0,1,3101,21775.0,0,True,False,True,True,False,False,21081
2800,635,210,10355,285,2363.0,28805.0,116,9671,141676.0,9,True,True,True,True,False,False,21031
1266,252,108,3935,254,872.0,2370.0,14,4428,693478.0,0,True,True,True,False,True,True,21001
2914,657,50,705,6,343.0,165.0,44,156,3496.0,13,True,True,True,True,True,False,20997
2462,355,90,793,1,430.0,498.0,7,289,2557.0,9,True,False,True,False,False,False,20989
1299,383,181,2610,4,35.0,1099.0,2,333,8024.0,2,True,False,True,False,True,False,20983
7588,789,185,804,41,537.0,1517.0,183,795,7753.0,6,True,True,True,True,False,True,20950
2323,303,195,2093,3,55.0,2407.0,78,530,37602.0,14,True,True,True,False,False,True,20919
1322,204,225,1867,20,407.0,1696.0,20,933,23414.0,3,True,True,True,False,False,True,20890
7879,1346,119,6554,3,10.0,1964.0,0,1421,253895.0,1,True,True,True,True,False,False,20845
7176,1863,105,3690,1,47.0,83.0,21,322,27547.0,13,True,True,True,True,False,False,20838
2765,628,77,280,1,5.0,108.0,0,138,39501.0,3,True,False,True,False,False,True,20828
1753,569,79,402,4,17.0,17.0,11,160,393.0,2,True,True,True,True,False,False,20815
3763,612,879,35884,131,1808.0,9429.0,178,6333,912932.0,6,True,True,True,True,False,True,20800
5160,1284,230,2527,14,11.0,398.0,1,813,41134.0,15,True,True,True,True,True,False,20782
6843,1097,64,458,9,36.0,609.0,20,241,35085.0,18,True,False,True,True,True,False,20751
1330,144,193,1431,27,386.0,1043.0,47,612,63797.0,9,True,True,True,True,False,False,20747
748,158,120,968,4,5.0,202.0,0,202,4603.0,2,True,False,True,False,True,True,20742
1780,334,167,1930,15,59.0,1632.0,14,686,94458.0,2,True,False,True,False,True,True,20738
3499,296,18,1054,2,819.0,853.0,0,72,198245.0,37,True,True,True,True,False,True,20726
3599,342,783,6432,27,118.0,680.0,108,2527,756073.0,18,True,False,True,False,False,True,20721
5951,854,232,15057,4,727.0,9191.0,35,1144,323930.0,6,True,True,True,False,True,False,20700
2667,233,4,240,3,43.0,447.0,0,9,3630.0,10,True,True,True,True,False,True,20694
8957,894,215,2105,1,0.0,549.0,1,603,5557.0,2,True,True,True,True,True,False,20664
2109,348,51,868,5,3.0,527.0,1,255,794.0,2,True,False,True,True,False,True,20645
5604,370,8,272,1,44.0,14.0,145,117,18498.0,2,True,True,True,True,False,False,20646
1420,262,268,2233,8,45.0,1392.0,7,700,7672.0,11,True,False,True,False,False,True,20633
3144,553,477,39947,10,100.0,2749.0,12,10937,1041893.0,0,True,False,True,False,False,False,20608
3796,442,248,1752,31,102.0,904.0,71,1723,9422.0,9,True,True,True,False,True,True,20574
3706,353,683,12587,142,560.0,4625.0,20,13421,1358921.0,23,True,True,True,True,False,True,20572
3981,735,685,45181,32,274.0,7033.0,33,14733,141764.0,0,True,True,True,False,False,False,20571
1364,135,281,11028,314,163.0,803.0,43,2268,93152.0,0,True,False,True,False,False,True,20562
2056,174,15,501,6,20.0,995.0,3,35,4217.0,0,True,True,True,True,True,False,20556
2244,636,3,799,10,15.0,31.0,12,15,801397.0,2,True,True,True,True,True,True,20538
807,132,111,1987,4,87.0,960.0,6,185,807653.0,43,True,True,True,False,True,True,20537
848,168,77,595,10,10.0,888.0,3,525,4639.0,0,True,True,True,False,False,True,20535
